task_id,source_split,prompt,original_code,tests
229,test,"Write a function that takes in an array and an integer n, and re-arranges the first n elements of the given array so that all negative elements appear before positive ones, and where the relative order among negative and positive elements is preserved.","def re_arrange_array(arr, n):
  j=0
  for i in range(0, n):
    if (arr[i] < 0):
      temp = arr[i]
      arr[i] = arr[j]
      arr[j] = temp
      j = j + 1
  return arr","assert re_arrange_array([-1, 2, -3, 4, 5, 6, -7, 8, 9], 9) == [-1, -3, -7, 4, 5, 6, 2, 8, 9] | assert re_arrange_array([12, -14, -26, 13, 15], 5) == [-14, -26, 12, 13, 15] | assert re_arrange_array([10, 24, 36, -42, -39, -78, 85], 7) == [-42, -39, -78, 10, 24, 36, 85]"
438,test,Write a function to count bidirectional tuple pairs.,"def count_bidirectional(test_list):
  res = 0
  for idx in range(0, len(test_list)):
    for iidx in range(idx + 1, len(test_list)):
      if test_list[iidx][0] == test_list[idx][1] and test_list[idx][1] == test_list[iidx][0]:
        res += 1
  return res","assert count_bidirectional([(5, 6), (1, 2), (6, 5), (9, 1), (6, 5), (2, 1)] ) == 3 | assert count_bidirectional([(5, 6), (1, 3), (6, 5), (9, 1), (6, 5), (2, 1)] ) == 2 | assert count_bidirectional([(5, 6), (1, 2), (6, 5), (9, 2), (6, 5), (2, 1)] ) == 4"
461,test,Write a python function to count the upper case characters in a given string.,"def upper_ctr(str):
    upper_ctr = 0
    for i in range(len(str)):
          if str[i] >= 'A' and str[i] <= 'Z': upper_ctr += 1
          return upper_ctr",assert upper_ctr('PYthon') == 1 | assert upper_ctr('BigData') == 1 | assert upper_ctr('program') == 0
579,validation,Write a function to find the dissimilar elements in the given two tuples.,"def find_dissimilar(test_tup1, test_tup2):
  res = tuple(set(test_tup1) ^ set(test_tup2))
  return (res) ","assert find_dissimilar((3, 4, 5, 6), (5, 7, 4, 10)) == (3, 6, 7, 10) | assert find_dissimilar((1, 2, 3, 4), (7, 2, 3, 9)) == (1, 4, 7, 9) | assert find_dissimilar((21, 11, 25, 26), (26, 34, 21, 36)) == (34, 36, 11, 25)"
769,train,Write a python function to get the difference between two lists.,"def Diff(li1,li2):
    return list(set(li1)-set(li2)) + list(set(li2)-set(li1))
 ","assert (Diff([10, 15, 20, 25, 30, 35, 40], [25, 40, 35])) == [10, 20, 30, 15] | assert (Diff([1,2,3,4,5], [6,7,1])) == [2,3,4,5,6,7] | assert (Diff([1,2,3], [6,7,1])) == [2,3,6,7]"
802,train,Write a python function to count the number of rotations required to generate a sorted array. https://www.geeksforgeeks.org/count-of-rotations-required-to-generate-a-sorted-array/,"def count_rotation(arr):   
    for i in range (1,len(arr)): 
        if (arr[i] < arr[i - 1]): 
            return i  
    return 0","assert count_rotation([3,2,1]) == 1 | assert count_rotation([4,5,1,2,3]) == 2 | assert count_rotation([7,8,9,1,2,3]) == 3 | assert count_rotation([1,2,3]) == 0 | assert count_rotation([1,3,2]) == 2"
